title,name,commit,newurl
【黄金双倍】：二台曼瑶上线~,呆妹儿小霸王,403.2万,https://www.douyu.com/92000
赢，9999！,yyfyyf,390万,https://www.douyu.com/9999
Gemini：玩游戏叫是要啸！,MrGemini,323.9万,https://www.douyu.com/36252
长沙小甜甜 球球办卡,UU超级大,251.2万,https://www.douyu.com/7506370
【丽江】和李娜的一天~,TD丶正直博,240.7万,https://www.douyu.com/533813
百天快乐 10525828,二月吖o,8.3万,https://www.douyu.com/10525828
4.26海阔天空歌友会哦.9418,Big茄子,281.3万,https://www.douyu.com/9418
天雅（马路侠）直播一周年,俄罗斯教父,87.4万,https://www.douyu.com/848337
欢迎来到暴躁哥哥的家~,小象一晓看天色,188.8万,https://www.douyu.com/10521
（双倍）世界上最美好的事情就是当我遇见你,半杯桃桃乌龙,167万,https://www.douyu.com/5666
【纽约号☞钻石亲密度】,imxiaoxin,279.4万,https://www.douyu.com/709710
一个腻害的全能辅助麻麻~,芍药Girl,278.3万,https://www.douyu.com/9338881
【冰】厚乳拿铁，不另外加糖,李知恩nn,267.3万,https://www.douyu.com/4921614
行走的CD机~7515923,崔了了丶,20.5万,https://www.douyu.com/7515923
清纯女大学生 4260617,阿梨small,154万,https://www.douyu.com/11188
19点CFPLS19总决赛，都加油~,白鲨AyoM,253.3万,https://www.douyu.com/728
淑怡：又又又又在家,不2不叫周淑怡,237.4万,https://www.douyu.com/22222
巅峰继续冲，7点解说,北笙,231.1万,https://www.douyu.com/77667
期待一个你.,以南Nanny,21.9万,https://www.douyu.com/10701976
【越南】周末两天别墅泳池趴大家别错过,越南皇上,149.2万,https://www.douyu.com/1973465
每天下午三点准时开播！！,芜湖大司马丶,217.1万,https://www.douyu.com/606118
【直播】亚洲杯 EDG 0:0 RK,穿越火线运营团队,214.6万,https://www.douyu.com/605964
【猛男】单人4排最激情单口相声细节教学,邦Sa,212.4万,https://www.douyu.com/5720533
粤语情歌~欢迎点歌,xun寻寻,140万,https://www.douyu.com/7675199
【3倍亲密度】今晚与你相遇,爱约一只如初见,129.6万,https://www.douyu.com/10888
新赛季的爷！先上个2100！！,少年不太冷2,211.7万,https://www.douyu.com/3125893
今天能上2100吗？77077,主播风导,207.9万,https://www.douyu.com/77077
【直播】TOC3全国总决赛,lol云顶之弈赛事,207.8万,https://www.douyu.com/522423
桂花塘打工记,追梦的韭菜,121万,https://www.douyu.com/9479874
S联赛春季赛 AG 1:0 KZ,QQ飞车手游官方直播间,203万,https://www.douyu.com/5040227
巅峰冲第一 10018165,小楠ouo,202.8万,https://www.douyu.com/10018165
【重播】2022CFEL S1 巴西,穿越火线赛事专用,201.4万,https://www.douyu.com/522798
钻石卡 新的一天冲冲冲,JT丶浩克大魔王,106.8万,https://www.douyu.com/4489985
清晨第一缕阳光,在逃公主阮阮,106.1万,https://www.douyu.com/8765349
二台：观看3分钟，3天上王者,灵药LoveLing,192.4万,https://www.douyu.com/9408500
绝地求生高端局,蓝战非OvO,190.5万,https://www.douyu.com/70002
来这里开心就好！ 钻粉2.5倍亲密度,叫我老陈就好了,183.3万,https://www.douyu.com/74960
本厅由只为依米笑哥独家冠名,嗨玩一广岛之恋,98万,https://www.douyu.com/1116
双倍亲密/进来坐坐喝杯茶吧～,考拉一人间酒馆,94.6万,https://www.douyu.com/52100
【双倍亲密度】调设备,艺帝帝,181.2万,https://www.douyu.com/16166
云顶冲2000分！,拼一枪兄弟,179.2万,https://www.douyu.com/79638
有车位瞬杀流孙尚香秒杀一切！,A老回,179万,https://www.douyu.com/5395900
万物之外 你是我的重重惊喜,小苏打Da,91.2万,https://www.douyu.com/6036539
时隔两年，又回江城,赛文柒Seven,90.6万,https://www.douyu.com/105025
⭐阿超：第三个王者继续带粉丝,阿超cc丶,177.9万,https://www.douyu.com/823042
【战神质检员】车队出击,泼痞yyds,176.9万,https://www.douyu.com/66699
国服阿珂五排带水友！,小艾神OvO,176.8万,https://www.douyu.com/10649012
武汉小可爱！~,喵小莎,89.8万,https://www.douyu.com/23233
双倍亲密，安徽主播了解一下,大晶要变瘦,89.3万,https://www.douyu.com/4933024
秋：白银双倍 六点见,叶知秋Vanessa,173.3万,https://www.douyu.com/111111
没错！就是这么无敌儿！,一阵雨不是一阵奶,170.8万,https://www.douyu.com/66666
加时风暴，挑战超长时间直播,天天丶丶丶丶丶丶丶,168.8万,https://www.douyu.com/9996
苏恩：莲子彭彭双倍亲密度冲冲冲,苏恩Olivia,87.2万,https://www.douyu.com/42666
每天都是充满希望的一天！！！,灵魂刀神,85.4万,https://www.douyu.com/540434
【PSI】AE86冲冲冲,无冕之王浪子断,168.7万,https://www.douyu.com/29599
【错觉】珍惜每一天！,错觉老中医,168.3万,https://www.douyu.com/12345
新赛季单四！,白起182,166万,https://www.douyu.com/87666
等一束光。,Lulala拉拉,79.2万,https://www.douyu.com/123111
《拉力赛》寻找张天师,川味箩卜,77.9万,https://www.douyu.com/757122
把把鸡 轻松上王者教学,恰饭丶DZZ,160.5万,https://www.douyu.com/309763
1.5倍亲密度，女野王Vx抓鱼,网瘾少女嘟小姐,159.1万,https://www.douyu.com/6599008
孙悟空：新版本，我无敌了,孙悟空丨兰林汉,157.9万,https://www.douyu.com/475252
周日晚八点～,是纯妍阿,77.7万,https://www.douyu.com/3763915
四月会有温柔的相遇,小卷和猪,76.7万,https://www.douyu.com/9018818
钻粉2.5倍亲密度，4倍上限！,轻语丶619,157.9万,https://www.douyu.com/101367
余小C：娱乐主播理解一下~,余小C真的很强,156.7万,https://www.douyu.com/1126960
顶级发育路细腻教学,BOA零公,155.1万,https://www.douyu.com/5602519
本厅由“樱花哥 用户哥 迷惘哥”冠名,小象一念你如初,76.4万,https://www.douyu.com/2020
本厅由“小瓜 腿毛 流荡”,小象一我喜欢你,74.7万,https://www.douyu.com/6969
最热血的红中麻将！！！,靓旭,154.6万,https://www.douyu.com/1165924
六学者爆杀溜溜球辛德拉,阿涛皎月Carry,154.5万,https://www.douyu.com/6560603
做顿好吃的庆祝下,白鲨石头丶,154.4万,https://www.douyu.com/717
钻粉双倍，周末愉快,甜星kitty,73.1万,https://www.douyu.com/6135669
天天开心 心想事成 ･ᴗ･,伊珞瞳丶,71.6万,https://www.douyu.com/2037192
周日有六-～～,女流66,154.4万,https://www.douyu.com/156277
JJ斗地主2V2擂台赛,JJ斗地主官方,154万,https://www.douyu.com/488743
乌鸦：周末愉快！今天5个超影！,9293丶欧皇鸦,154万,https://www.douyu.com/89293
点个相册？,是你的妙妙,71.4万,https://www.douyu.com/12121
今日双倍亲密哦,郁安楠,70万,https://www.douyu.com/10039515
【菊花】双倍亲密度，双倍上限,顶级菊宝a,149.6万,https://www.douyu.com/1679347
你真以为马里奥是个简单的游戏？？,超级小桀,148.8万,https://www.douyu.com/74751
今晚看看决赛 学习一下,白鲨念旧N9,148.8万,https://www.douyu.com/88899
最美遇见：猫猫 Ki 好人冠名！,小象一最美遇见丷,68.5万,https://www.douyu.com/135888
早起晨跑的杨颖,青榎,68.4万,https://www.douyu.com/11011
有车位有车位~~~~,超级小绵,147.2万,https://www.douyu.com/7853188
【橙子】单人四排全程高能视觉盛宴,神秘嘉宾橙子,146.3万,https://www.douyu.com/3652542
omg4+2，就是一顿乱秀！,Zhou陈尧,145.3万,https://www.douyu.com/88660
点唱/音乐/歌厅这个厅只唱歌 点歌看玩法,CH一再难遇我点唱厅,68万,https://www.douyu.com/956345
斗鱼大事件,奇点一可口可乐,67.7万,https://www.douyu.com/57888
峡谷之巅折磨观众,王纪超666,145.3万,https://www.douyu.com/3567314
我爱王者 王者爱我！,音七Simple,145.3万,https://www.douyu.com/1981932
由乃：国服第一可爱,douyu小漠,143.4万,https://www.douyu.com/85982
唱歌的方崽~,Ms方凡,66.9万,https://www.douyu.com/9779997
《纪实直播》一路向西（丽江）,叶子户外,66.6万,https://www.douyu.com/12580
【冲单排淘汰榜一】,Dy合群,142.2万,https://www.douyu.com/3984748
顶级射手 冲刺第一,鹿小鸣l,140.2万,https://www.douyu.com/10040721
不公平我要重生,昧昧不是妹妹,137.1万,https://www.douyu.com/9375414
钻粉双倍！我在长沙9991,尧顺宇,65.2万,https://www.douyu.com/9991
直-2倍 星星永远发着光~♥️,阿睿ARrr,63万,https://www.douyu.com/3809115
放松直播间 703747,主播杨树,135.6万,https://www.douyu.com/703747
下午打大师，晚上7点LSP比赛,4AM王欣,134.5万,https://www.douyu.com/296059
2w4战力第一花木兰,Ay杰瑞,132.9万,https://www.douyu.com/9771
爆护还是空军,湘野青年,61.4万,https://www.douyu.com/2507125
只会赌黄金1费海！！！！！！,小猪是超级大帅Bi,131.4万,https://www.douyu.com/168000
呆萌懒妹无敌射手嘎嘎下饭,苏小懒38D,130.9万,https://www.douyu.com/682821
【杰尼】公告普池大加强！,杰尼杰尼是你吧,128.7万,https://www.douyu.com/8804796
春日限定。,Y丶薄荷,61万,https://www.douyu.com/526583
随遇而安、,大慕慕吖,60.4万,https://www.douyu.com/5153172
提莫老祖！峡谷千分冲前10,恶霸提莫,128.2万,https://www.douyu.com/5220173
梨落第一视角,梨落秋溪,126.9万,https://www.douyu.com/594019
巅峰赛冲前十 9177171,DYG萧玦,125.6万,https://www.douyu.com/88805
郑州【人才储备计划】,大嘴love,59.9万,https://www.douyu.com/6561377
校花交友颜值一厅,星括一予你欢喜,58.8万,https://www.douyu.com/10666
来了来了兄弟们~,南波儿大魔王丶,125.3万,https://www.douyu.com/123455
赛前BB机一起看比赛！！,山东棋王弈哥,125万,https://www.douyu.com/844947
心静即为巅峰,猫幼zzz,124.6万,https://www.douyu.com/2037880
祝全世界最好的深渊哥生日快乐,莉歌Julie,58.6万,https://www.douyu.com/92111
【开心麻花】沈腾、马丽经典小品专场,开心麻花经典小品,58.4万,https://www.douyu.com/10153463
分数没有意义快乐才是真谛的直播间,衣锦夜行,121.3万,https://www.douyu.com/48699
预告丨19点 西安WE vs 济南RW侠,王者荣耀官方赛事,120.3万,https://www.douyu.com/998
辅助的开创者 辅助的神 ko神,大胖狗koko,119.8万,https://www.douyu.com/9168507
我大哥都是州长那偷来的,Lin菠萝,57.9万,https://www.douyu.com/62626
杭州打工人上班了,晚表妹,57.9万,https://www.douyu.com/77772
转世重生day8 300冲王者,苏科大,119.3万,https://www.douyu.com/10028785
今天想当狙击手 17点开战,loveyou_qq,118.6万,https://www.douyu.com/52319
果小果：钻粉2.5倍！,果小果是个弟弟,115.9万,https://www.douyu.com/5556
超级粉丝团冲冲冲！！！,珂珂宝丶,57万,https://www.douyu.com/5201314
每一步都要走在热爱中~9723731,时九岁吖,54.1万,https://www.douyu.com/9723731
真实战场单兵王,斯祥丶,115.8万,https://www.douyu.com/2311698
单人四排！乱杀！！！,左小亮丶,115.4万,https://www.douyu.com/4196725
开启双人模式！！！,景川川啊,113.7万,https://www.douyu.com/10307271
【交友】颜值声优在线等你,爱约一缘来是你,53.6万,https://www.douyu.com/55501
【南枫】宇智波枫,南枫阿i,113.5万,https://www.douyu.com/3436094
【百岁三】双倍亲密度+上限，跳个广场舞,CSGO百岁三,113.2万,https://www.douyu.com/1828
"今日双倍亲密度,!!!",谢彬DD,110.5万,https://www.douyu.com/110
世界地球日 告白母亲河,斗鱼综合,49.4万,https://www.douyu.com/432849
晚上暂时不播！,火力堂主,48.3万,https://www.douyu.com/241123
童扬第一视角,童扬korol丶,110.4万,https://www.douyu.com/7084089
微笑：船+efls+ez！,微笑,110万,https://www.douyu.com/16101
【有位置】全能上车dd,秦苏Su丶,108.8万,https://www.douyu.com/7815082
这周日有空吗,你的软软ovo,48.1万,https://www.douyu.com/10468826
20岁孙尚香为何嫁给49岁刘备？,易中天,47.6万,https://www.douyu.com/2320076
【新赛季排路人上战神！】,清风不是胖子,108.7万,https://www.douyu.com/5878647
国服妲己：进来学技术了,国服老狐狸,108.6万,https://www.douyu.com/2314338
【EA冠军杯】决赛日富力冲！,FIFAOnline4官方直播间,107.3万,https://www.douyu.com/7692166
向星辰大海进发,热点快报,46.4万,https://www.douyu.com/7825246
【特辑电影】怎么不算好看呢？,特辑电影院,46.3万,https://www.douyu.com/3637778
冰霜女皇和元素女皇的直播间,太原马超丶,106.9万,https://www.douyu.com/891464
我闪亮的登场~挖挖图,yjjimpaopao,106.9万,https://www.douyu.com/687423
二台【格局】看人之长,鲜肉赵山河,106.7万,https://www.douyu.com/435504
来听小甜歌儿叭~,就是尖尖兒,46万,https://www.douyu.com/457200
4月26日下周二19岁生日 期待你的到来,瑶美丽SY,45.7万,https://www.douyu.com/7674424
4指韩信 无规则野王,eStarPro纵情,106.1万,https://www.douyu.com/6436106
异灵术：快乐炉石尽在93589,异灵术老师,105.2万,https://www.douyu.com/93589
【匹路人上第二个战神】,凉白开OAO,104.5万,https://www.douyu.com/9149560
这女的长得还行，对吧,檬七七丶,45.1万,https://www.douyu.com/10627465
你给她刷过礼物。,uu超机灵,43.6万,https://www.douyu.com/9940809
小鼠：新来的小霉请多指教~,EGM老张,104.2万,https://www.douyu.com/10633543
露娜启示之音皮肤体验官手法天花板,第九片海owo,103.2万,https://www.douyu.com/10655535
小孩曾卓君：今晚海峡两地5v交流赛,游天堂,102.4万,https://www.douyu.com/2125
颜值声优在线，水晶yyds！,YAQ一水晶之恋,42.5万,https://www.douyu.com/10777
电棍:赢九盘就撤!!!,电棍,100.8万,https://www.douyu.com/12306
重拾绝活镜冲第一1,环斐丶羽衣,99.4万,https://www.douyu.com/1241233
开心DOTA！,龚建ZSMJ,99.1万,https://www.douyu.com/52876
【咖妃驾到】宋小宝经典小品,宋小宝小品,42.4万,https://www.douyu.com/9817729
交友/恋爱dd/男人哥独家冠名,YAQ一王者1st,41.9万,https://www.douyu.com/10678
斗鱼劳模の聊天室^^ 钻石双倍！,三酒OuO,97.8万,https://www.douyu.com/2421040
解说S联赛！不是毒奶！！！,17丶Xtreme,97.7万,https://www.douyu.com/1886240
【PSI四排晋级赛】,脆油条丷,97.3万,https://www.douyu.com/1322998
恭喜法海哥总榜一,成都55张,41.3万,https://www.douyu.com/4386404
浙江大眼睛萌妹子,Princess熙熙,40万,https://www.douyu.com/6958921
周末1.5倍亲密度~,无敌美塔塔无敌棒,96.8万,https://www.douyu.com/7184020
双国一2带3微信区上车,墨宇or,95.5万,https://www.douyu.com/10725261
看我凡子千分王者局乱杀,对子花,93.8万,https://www.douyu.com/6908420
[音乐] 等待良人归来那一刻,超可爱的小艾米Amy,39.9万,https://www.douyu.com/5952304
幸运爆表521,招财猫呢,39.7万,https://www.douyu.com/521
二台冰棍：发牌员爱我一次，冲大师了,四川棋王超哥,93.8万,https://www.douyu.com/10214664
晚上OB TOC 决赛！,迅哥丶雨霖铃,93.7万,https://www.douyu.com/216555
【G宝】吃鸡，嗨起来~Q叔七点来,气人主播QQQ,93.3万,https://www.douyu.com/19223
重庆 弹琴说爱的直播间,橘猫酱Q,39.6万,https://www.douyu.com/5516960
《荒岛余生》第11天 今天最后一天了！,逐梦兄弟,39.2万,https://www.douyu.com/5025477
☀第一AD单排抗压冲大分,太阳Xsun,93万,https://www.douyu.com/8440385
世一劫峡谷千分冲第一,空大的劫zz,92.8万,https://www.douyu.com/1237105
美女主播带哥哥们上分！！,心星丶RJ,92.5万,https://www.douyu.com/9539501
【交友】第一颜值厅/由赵子龙独家宠冠。,爱约一销魂之夜i,38.8万,https://www.douyu.com/101080
挑战一百天不断播第四十五天,桃子不是桃纸,37.7万,https://www.douyu.com/10016856
【骚某某】不杀10个请举报主播,骚某某,92.5万,https://www.douyu.com/5384600
暃暃暃 曜曜曜 匍匐前进,阿君Doja,91.3万,https://www.douyu.com/218716
呱唧 今日双倍 228989,小白鸽WhiteDove,90.9万,https://www.douyu.com/228989
点点饱饱的相册吧,八分饱ww,36.5万,https://www.douyu.com/2243218
胡同里的搞笑日常,是你的皮卡丘呀,36.3万,https://www.douyu.com/5981206
幻灭第一视角,AG丶幻灭,90.4万,https://www.douyu.com/9700836
下午跨1洗称号！！,银樰不是银雪,89.2万,https://www.douyu.com/5012053
来啦来啦，房间的灯坏了,钱蓓婷起床了没,88.5万,https://www.douyu.com/579557
致郁系歌手。,芥末很甜丶,36.3万,https://www.douyu.com/1009279
YJ-浪漫之爱‘柠萌的狗子’冠名,英爵一浪漫之约,36.1万,https://www.douyu.com/105211
虫王：峡谷又是闹虫灾的一天！,Chogod虫王,88.4万,https://www.douyu.com/7940025
人美声甜小野王,是Kiki啊,88.1万,https://www.douyu.com/6502892
感谢每个善意的人,头号玩家丶B,87.7万,https://www.douyu.com/2548171
震惊！3000年一见古风小仙女！,大王mio,95万,https://www.douyu.com/6129898
今天休息，出来放个风。,鱼子酱啦,76万,https://www.douyu.com/5508997
峡谷第3冲第一,一家之猪ovo,87.1万,https://www.douyu.com/10208912
笨鸟先飞，勤能补拙,阿福Afuuu,86.7万,https://www.douyu.com/1967734
直播：MDI第三赛季国服赛区,暴雪游戏频道,86.5万,https://www.douyu.com/525207
新疆唱歌主播（免费点歌）,十四小天使w,74.3万,https://www.douyu.com/5943125
【牛叔】N分钟带你看完大片,牛叔说电影,69.5万,https://www.douyu.com/2758565
开钻粉拿皮肤送点卷最欧,小脑妹,85.4万,https://www.douyu.com/5621575
803.风风火火的一天~,秀才冷男,85.1万,https://www.douyu.com/7776629
1.8W刘备全天带粉场均20杀！,刘皇叔是个弟弟,84.9万,https://www.douyu.com/6584927
你滴勋宗，4.11已更新,小约翰可汗,56.5万,https://www.douyu.com/9738854
整套红焖羊骨架，真香！,苗大冬,56.2万,https://www.douyu.com/8067328
【月光】马斯克礁土著民,天书月光,84.5万,https://www.douyu.com/5239782
没事儿看老四，解压又励志！,原神龙四爷,84.2万,https://www.douyu.com/479079
狗贼：请问陈师傅你是做什么工作的？,恩基爱萌萌哒的狗贼,83.7万,https://www.douyu.com/208114
【正版】经典小品，下饭必备,辽台好物种草,53.7万,https://www.douyu.com/9067836
【录播】休息下晚点来~~~~,李九歌i,53.4万,https://www.douyu.com/7718046
KISS KISS KISS！,KC丶牛比王,83万,https://www.douyu.com/190810
【通天戴】参加psi,一玥阿,83万,https://www.douyu.com/3605965
冲冲冲冲冲~~~ 37807,战神_河池VR,82万,https://www.douyu.com/37807
《游钓中国第八季》第八季同步更新中,游钓中国李大毛,52.9万,https://www.douyu.com/791411
你的海南军阀给你带来最地道的赶海,大漠叔叔Dm,51.6万,https://www.douyu.com/1109218
你怎么知道我天天免单的？,我是大坤坤啊,81.7万,https://www.douyu.com/888
赏金 名流 虫 蛤蟆 牛牛 猪！！,不太纯洁的Ccj,81.3万,https://www.douyu.com/660520
今天双倍亲密度哟··,大红神o猫小咪,81.2万,https://www.douyu.com/4467960
【全体起立】你的本山大叔超强来袭,赵本山经典小品,49.6万,https://www.douyu.com/9817716
【更新】最全斗牌、麻将剧集解说,火龙果说电影,49.3万,https://www.douyu.com/9559158
【姜乐涵】花径不曾缘客扫 蓬门今始为君开,姜姜姜乐涵,80.7万,https://www.douyu.com/6462960
开钻粉有66次拿皮肤送点券❤荣耀之巅,橙子大小姐,80.6万,https://www.douyu.com/5727882
~~~~开心就好~~~~,Amsssss,80.1万,https://www.douyu.com/3507497
【片片】片荒的时候看片片,小片片说大片,45.4万,https://www.douyu.com/4258555
和爸妈一起品尝章肠虾,兴森一家,45.3万,https://www.douyu.com/8148111
李白 【钻石亲密度】,李白白Oo,79.9万,https://www.douyu.com/8773802
【LIONKK】,小狮子lionkk丶,79.6万,https://www.douyu.com/88883
新一：韩服会一会职业选手！,Xinyi新一丶,78.3万,https://www.douyu.com/617
牛肋条先煎后炖，看颜色就流口水,胖龙的小生活,44.1万,https://www.douyu.com/9116745
八点直播～,橙味沙士,42.8万,https://www.douyu.com/52034
绝活人柱力小鱼人钻1乱杀教学!,LOL丶摇摆,78.2万,https://www.douyu.com/107253
【PSI四排晋级赛】BL冲,老大贤,75.8万,https://www.douyu.com/6889778
【PSI S2】四排赛18点开赛,和平精英官方赛事,75.6万,https://www.douyu.com/999
【正版】经典小品轮播电视台,辽视欢乐集结号,42.8万,https://www.douyu.com/9322175
【万合天宜】王大锤情怀上线,万合出品,41万,https://www.douyu.com/9220456
【PSI S2】四排赛18点开赛,和平精英官方赛事,75.6万,https://www.douyu.com/999
钻粉=大师帮忙维护速度上车,米团呀,75.3万,https://www.douyu.com/7000132
挑战万分战神单排一周上1w分！,山山鸭,75.1万,https://www.douyu.com/201535
嗦粉天堂！吃完想当场买房！,吃货请闭眼V,39.5万,https://www.douyu.com/9498248
走进“柯”学，西瓜讲柯南的案件~,我是一只西瓜啊,39.1万,https://www.douyu.com/9065082
EACC表演赛+主播赛淘汰赛,scboy,73.7万,https://www.douyu.com/3484
宇仔：王者AD单排~卢锡安/霞/飞机,宇仔Yuu,73.4万,https://www.douyu.com/6556331
双人作战冲第一！~,挽枫灬,73.3万,https://www.douyu.com/10594593
【樱木花道灌篮】PP动漫精彩解说,PP看动漫,37.9万,https://www.douyu.com/9837291
许君聪经典小品的直播间,许君聪经典小品,37.5万,https://www.douyu.com/10419558
♥ 有车位，办卡体验一局,绵绵糯米NamiSy,73万,https://www.douyu.com/6502964
"一桶2100,嘎嘎乱杀",十月船长丶,72.7万,https://www.douyu.com/718133
51套缝纫机买买买！龙袍评估账号脱坑入坑,今日不服,72.3万,https://www.douyu.com/276694
兄弟赶海，带你看遍天下海鲜,渔戈兄弟赶海,36.2万,https://www.douyu.com/9091847
点点饱饱的相册吧,八分饱ww,35.8万,https://www.douyu.com/2243218
国一阿卡丽王者局被杀鸡,襟花啊,72.1万,https://www.douyu.com/9921711
陈翔六点半：多情总被无情伤！,陈翔六点半,71.5万,https://www.douyu.com/2132902
全能中单给你不一样的教学,心星丶木偶,70.3万,https://www.douyu.com/6847895
哥哥进来了就出不去了~,柠萌乖乖ovo,35.7万,https://www.douyu.com/10704048
等一个至尊宝！！！,新来的婉儿,35.4万,https://www.douyu.com/5257370
直播拆丰田荣放,大飙车,70万,https://www.douyu.com/1706950
♡ 25号 寅子与你相约2.0维拉 ♡,梦鸽ya,69.6万,https://www.douyu.com/4800835
千分锐雯 王者局屠杀,网友阿米,69.5万,https://www.douyu.com/9830359
哈喽啊 靓仔,周周plussssssss,35.3万,https://www.douyu.com/9684954
唱歌唱歌~加班~,橙大蕾蕾丶,34.4万,https://www.douyu.com/5060453
封号斗罗全网第一单人四排！,PP阳,69.4万,https://www.douyu.com/5609091
努宝：王者局上点分,沐宇成风,69.3万,https://www.douyu.com/9987135
阿二：不死终会出头 努力!,阿二Ayer,69.2万,https://www.douyu.com/548061
【加时挑战】今天是小女仆~,小黑猫kira,34.4万,https://www.douyu.com/10092762
回收各种伤心大哥二手房管,二月超奈斯,34.3万,https://www.douyu.com/7439639
这游戏怎么赢啊！,大户呀,69.1万,https://www.douyu.com/182935
五一套缝纫机天空进货专场，来办办我！,DNF剑仙明,68.6万,https://www.douyu.com/6077
哇新疆甜甜啊,甜鹿mm,68.2万,https://www.douyu.com/7946104
「橙記」「最人气港剧直播间」,橙記Orange丶,33.8万,https://www.douyu.com/4549169
御萝双修，事少，温柔,可可小狐仙,33.7万,https://www.douyu.com/9516632
(*^＠^*)欧气满满的直播间,艾琳bigbaby,67.7万,https://www.douyu.com/10639765
【宝贝鱼】黄金双倍卡哦瓦の很,宝贝鱼O3O,67.5万,https://www.douyu.com/8744379
第七届剑网3竞技大师赛,剑网3官方直播,67.4万,https://www.douyu.com/641986
以后白天见~,冲浪选手恩娜,33.7万,https://www.douyu.com/8255982
娱乐王牌天团拿下啦！,美德不充值,33.5万,https://www.douyu.com/10438744
鸽子边缘：新角色评测4月27号19：00,鸽子边缘,67.3万,https://www.douyu.com/1431365
梦幻西游手游.冲冲冲221869,小儿郎丶丶,67.1万,https://www.douyu.com/221869
开启双人统治！,是小柒鸭XQ,66.9万,https://www.douyu.com/10518782
直-双倍 有时晴天有时雨。,孙紫涵丶,33.5万,https://www.douyu.com/10088
【郭杰瑞】被央视点名的美国小哥,我是郭杰瑞V,33.4万,https://www.douyu.com/7357786
【懂哥】马上交战！视角盛宴！,是你的罐头吖,65.1万,https://www.douyu.com/3015525
震惊!这游戏居然这么好玩!,老皮历险记,65万,https://www.douyu.com/2140934
五排有位置，国服打野，可上号,博涵丶欧尼酱,64.8万,https://www.douyu.com/5043248
科学黑历史,自说自话的总裁,33.3万,https://www.douyu.com/9317739
你不主动哪来的故事？,天秤座的文,33.2万,https://www.douyu.com/10724975
最强德莱文屠杀秀,陈迷丶德莱文,64.7万,https://www.douyu.com/6064454
【ok林仔】你懂一号位吗？,ok林仔,64.7万,https://www.douyu.com/500269
【双倍亲密度】奶凶甜~妹~儿~,一头小阿羡丶226,64.7万,https://www.douyu.com/9806743
本厅由娃哥，鹤哥，大气冠名。,卡司一刷点比钱,32.8万,https://www.douyu.com/10723327
与你同行，不介路远/本周由水波哥宠冠,小兔一遥遥星河,32.8万,https://www.douyu.com/10382522
元气少女单排已王者O(∩_∩)O~,小师妹Luna,64.5万,https://www.douyu.com/1496134
打会排位 等下一起看比赛！,初音未来灰飞,64万,https://www.douyu.com/4666609
九点半教学！录像分析！细节教学1,DY丶小贤哥,63.8万,https://www.douyu.com/7370616
视频厅 全麦皆可视频,小兔一意乱情迷,32.6万,https://www.douyu.com/213141
GT-顶级端游妹妹团等待您光临,GT一陌上花开,32.5万,https://www.douyu.com/8817390
【重返帝国】游戏教学,SLG孙先森,63.1万,https://www.douyu.com/10497581
三服深渊速通，专业看号不迷惑,晏安anan,62.8万,https://www.douyu.com/1749035
小铭：进来学技术！,小铭XiaoMing阿,62.4万,https://www.douyu.com/2140364
新人主播开播求支持,艺珂keke,32.3万,https://www.douyu.com/9960434
熙雅一直在等你,熙雅吖ovo,32.3万,https://www.douyu.com/10229577
单排冲国一阿克尚,小白有害健康丶,62.3万,https://www.douyu.com/5699653
峡谷冲第一 6717704,峡谷杀神酱油瓶,61.8万,https://www.douyu.com/6717704
第一vn：炸炸炸炸鱼,暗夜猎手光头强,61.8万,https://www.douyu.com/653999
白客、孔连顺主演《鲜肉老师》登陆斗鱼！,万合鲜肉老师,32.2万,https://www.douyu.com/9815091
打卡日/你是我翘首以盼的惊喜,考拉一人间小筑,32.1万,https://www.douyu.com/188111
国服露露阿珂微信区全天带粉飞机2小时,Rc凡先生,61.4万,https://www.douyu.com/9663137
单排千分王者 钻粉帮打号,夜岚亚索,61.3万,https://www.douyu.com/10548891
回归龙袍缝纫机碰瓷增幅毕业打造,剣神白,61.2万,https://www.douyu.com/5341351
【草莓味饼干冠】高颜值女神交友厅,爱约一为所欲为,31.9万,https://www.douyu.com/102030
【点唱】/音乐/歌厅只唱歌,eStar点唱一夜夜笙歌,31.9万,https://www.douyu.com/10511412
【双倍亲密】输字咋写？,解说梦梦,61.1万,https://www.douyu.com/4403187
づ♡ど : 上分,宝宝茶,61.1万,https://www.douyu.com/8970975
【重返帝国】控号精调 礼包福利,Dy夜幕哥哥,61万,https://www.douyu.com/7147334
阿远这顿海鲜火锅舒坦了！,食味阿远,31.8万,https://www.douyu.com/8194977
对方已关注了你10508838,褒姒Romantic,31.8万,https://www.douyu.com/10508838
周日快乐，下棋下棋！,小红豆阿,60.8万,https://www.douyu.com/6591422
御龙小极品微变版-热血传奇,忘忧妹妹,60.3万,https://www.douyu.com/9653036
咖喱- 测试服看普池加强和蕾贝最终版！,garigari,60.3万,https://www.douyu.com/985317
神明偏爱 一切从欢,林见鹿i,31.7万,https://www.douyu.com/1127
本厅由“迷惘14 A哥”冠名,小象一如鲸向海,31.6万,https://www.douyu.com/7597559
巅峰赛冲冲冲 10582462,深圳DYG稚念,60.2万,https://www.douyu.com/88804
[双倍亲密]有车位滴滴滴。,77丷大魔王,60.1万,https://www.douyu.com/4645738
峡谷宗师ad开练,Jz0w0,60万,https://www.douyu.com/9847280
由钱哥/如青/开水冠名/全麦会唱歌会跳舞,争锋一你最珍贵,31.5万,https://www.douyu.com/8901418
全麦优质MM！“雷少哥”独冠 吉祥好运！,小兔一首选心动,31.5万,https://www.douyu.com/166777
直播 电一上大师,店长盖伦,59.8万,https://www.douyu.com/79213
【阿聪】赤木人称小阿聪！,阿聪丷,59.7万,https://www.douyu.com/1589636
关羽CD鞋 最强蒙恬一打五,苏打锋,59.5万,https://www.douyu.com/1918013
那些年吃过的美食,百味大彭L,31.5万,https://www.douyu.com/7879024
4.29生日欢迎大家来玩!!!,布小丁summer,31.5万,https://www.douyu.com/8724783
免费带粉 钻粉=大师,暴躁zzz,59.4万,https://www.douyu.com/1465695
女刺客带粉超稳哦~有车位鸭,乔巧子,59.2万,https://www.douyu.com/5325882
沐然姬：我来了兄弟们！~,沐然姬,59.1万,https://www.douyu.com/1673964
二次元新人唱歌主播,超级皮皮1999,31.3万,https://www.douyu.com/10482525
国服打野 上分如喝水,木木爱吃橘子,59万,https://www.douyu.com/1667374
缝纫机，来了老弟！,DNF枪魂冰子,58.5万,https://www.douyu.com/1666
无心：校雕猫~,无心Modody,57.6万,https://www.douyu.com/6381542
河南 60后 在线,安安QAQ,31.1万,https://www.douyu.com/458331
全麦才艺 顶级声优,Hi一音欲男友,31.1万,https://www.douyu.com/108090
通宵带粉嘎嘎上分车,夜白想偷个懒,57.6万,https://www.douyu.com/5092758
峡谷1653最高分中单第一佐伊教学！,自宇666,57.5万,https://www.douyu.com/6151888
峡谷第一efls 月男开冲,双一ovo,57.4万,https://www.douyu.com/9811073
【唱歌】整个夏天想和你环游世界~,小怡宝儿啊,30.9万,https://www.douyu.com/9227899
安徽小可怜 你再不来直播间要没了,XTT甜甜,30.8万,https://www.douyu.com/8832922
❥深渊 天梯 塔防 猛女~,PE李淼淼,57.3万,https://www.douyu.com/5913395
船新法剑 一剑开天门,爱作丨,57万,https://www.douyu.com/7813517
v区三主播带粉跟车开通钻粉包车4.5小时,星河or浮熙,56.9万,https://www.douyu.com/6362804
我是村花美羊羊,美羊羊公举,30.8万,https://www.douyu.com/5656277
【最爱】“小小猪呜呜”独家宠冠/未来可期,小兔一最爱,30.7万,https://www.douyu.com/9214928
【陈可乐】上个王者很难吗,陈可乐乐乐辣,56.5万,https://www.douyu.com/10683596
郑州80it：谷雨电脑活动开启,80it电脑网,56.2万,https://www.douyu.com/434213
【贝贝】军旅 历史 古装 喜剧 动作,baby丶贝贝,30.7万,https://www.douyu.com/431460
贾玲经典小品的直播间,贾玲经典小品,30.6万,https://www.douyu.com/10419541
【18ym】带带钻粉了,18goYm,56.1万,https://www.douyu.com/5190741
每一次直播都是最后一次直播,抽象的生活丶,56万,https://www.douyu.com/6388299
游走于四 二 一 区的灵魂摆渡人，,北城小凡凡,55.9万,https://www.douyu.com/5272383
适合晚上听~~,荒野有声书,30.6万,https://www.douyu.com/10650322
云栖丶感谢慈善家们的赞助,云栖丶一厅o代号哥冠,30.5万,https://www.douyu.com/8806100
有车位有车位，我带飞,安可歆sister,55.8万,https://www.douyu.com/1051936
快来 专治低血压~,甜水七,55.6万,https://www.douyu.com/7942356
巅峰赛冲前十！！,啊诚不c,55.5万,https://www.douyu.com/10357241
【中国舞】惊喜相遇是你嘛,小安韵baby,30.4万,https://www.douyu.com/5273755
EACC决赛日~广州富力冲！,A胖瘦了,55.1万,https://www.douyu.com/26023
【排路人上战神】第二个号,江大鹅丷,55.1万,https://www.douyu.com/7244268
拿出你的百分之百！,刘嘉俊Sylar1,55万,https://www.douyu.com/762484
好姐姐在这里,陈叨叨耶,30万,https://www.douyu.com/71690
阿特：全程高能 注意警戒！,长江说法,29.9万,https://www.douyu.com/9789666
野路子 给大家整个活儿！,Sumiya丶墨岩彧,54.8万,https://www.douyu.com/6567483
肖晨：直播直播,肖晨吖,54.8万,https://www.douyu.com/3357246
【重返帝国】群雄割据 剑指君临！,惘然如梦1996,54.6万,https://www.douyu.com/2669185
一条西湖里没人钓的鱼,你要找哪条小鱼,29.8万,https://www.douyu.com/8188531
每一天都充满热忱,炎师傅,54.6万,https://www.douyu.com/1943111
【双倍】买电脑被坑4.6的冤种主播,小盒子u,54.4万,https://www.douyu.com/7659086
MA大师赛 总决赛,哈利波特魔法觉醒,53.7万,https://www.douyu.com/9940021
进来就脱单,单纯4,29.6万,https://www.douyu.com/10753255
喜欢就冠，爱就百万,YH一恭喜發財,29.5万,https://www.douyu.com/152000
运营刚枪队啥都会！,天赐丶4533511,52.7万,https://www.douyu.com/4533511
一张办卡就上车，老亚瑟,TeA全位亚瑟,52.6万,https://www.douyu.com/10032469
国一满分盲僧,林熙Lxxi,52.5万,https://www.douyu.com/4372875
熬过低谷 繁华自现 1984024,招财小卡车,29.3万,https://www.douyu.com/17666
新人第一天，请多多关照~,懵睡的小可爱,29.2万,https://www.douyu.com/10664857
航天思政课,政达光明,52.3万,https://www.douyu.com/686868
预告丨1日决赛 镇江VTG vs 火豹,王者荣耀甲级职业联赛,52.2万,https://www.douyu.com/987
新Niko simple 晚8直播,CSGO解说伟伟,52万,https://www.douyu.com/293829
可能是一个全球最好玩的汽车文化栏目。,李老鼠说车官方频道,29万,https://www.douyu.com/643871
点点星光相册吧求求了。6906692,大乖大大丶,28.9万,https://www.douyu.com/6906692
FPX小伟：锦鲤天选鲨鱼杯冠军劫杯亚军！,小伟丶IQ,51.9万,https://www.douyu.com/667351
天南地北，笑笑最美,九妹笑笑,51.8万,https://www.douyu.com/9969
来把太刀！,文龙WenLong丶,51.5万,https://www.douyu.com/636
【交友】情窦初开由小帅哥独家豪气冠名,爱约一情窦初开,28.6万,https://www.douyu.com/10999
奇点哇哇哇~,奇点一芝华士,28.4万,https://www.douyu.com/10342432
Blast春季赛重播,斗鱼CSGO赛事主频道,51.3万,https://www.douyu.com/601514
三妹车血洗美服！,保护我方蛋饼,51.3万,https://www.douyu.com/8758901
【双倍亲密度三倍上限】叫我无敌狼,爱吃包谷的新一酱ye,51.2万,https://www.douyu.com/7392614
02 天蝎 甜妹 南京迪丽热巴,小阿七嗷,28.4万,https://www.douyu.com/7640372
卡司一不期而遇,卡司一不期而遇,28.1万,https://www.douyu.com/10719853
差一把王者！,七夜byb,50.9万,https://www.douyu.com/10354825
【sy】单排进来学技术,sysyu,50.7万,https://www.douyu.com/5842461
感激每一位来直播间驻足的人,莫莫只看不说话,50.6万,https://www.douyu.com/8714830
嗨我在这你在哪,安乖乖呢,28万,https://www.douyu.com/10729124
祝大家天天开心快乐 9238882,豆豆可乖了,28万,https://www.douyu.com/9238882
冠军驾到 通通闪开（钻粉双倍）,星星弟弟ovo,50.4万,https://www.douyu.com/2822529
娱乐主播：约赏三星五费,Xs雲烬,50.3万,https://www.douyu.com/6637474
2pao： 我要求上主菜!@,何二抛zZ,50.2万,https://www.douyu.com/4452132
"【交友】颜值交友一厅,全麦优质女神！",爱约一爱约之夏,27.8万,https://www.douyu.com/5210
[长沙]我的小名叫付出,江北北i,27.4万,https://www.douyu.com/10416940
阿豪第一视角,阿豪ei,50.2万,https://www.douyu.com/7421029
峡谷千分阿克尚，教你3天上王者,小南阳aks,50.2万,https://www.douyu.com/10134106
刘小又：峡谷冲分！,刘小又XD,50.2万,https://www.douyu.com/1719183
3秒就爱上的音色~你拿什么抵抗我~,爱约一诗情画意,27.4万,https://www.douyu.com/106661
草莓：开会船 晚点下棋,草莓,49.7万,https://www.douyu.com/14163
峡谷冲分~~~~~~~~,小淘气沙皇king,49.5万,https://www.douyu.com/5533584
【带粉】Logo 娱乐局~,罩流痞,49.4万,https://www.douyu.com/7920402
【虫哥】魔性吐槽童年回忆,虫哥说电影,27.3万,https://www.douyu.com/8915074
温柔/知性/美女,小仪来了,27.3万,https://www.douyu.com/2690605
安静dota单排~,inflame丶hyz,49.3万,https://www.douyu.com/419697
【LYD】锦鲤杯三排冠军！无间阎罗！,LYDQvQ,49.2万,https://www.douyu.com/6916285
周日免费的荧光棒送下！,a824683653,49.2万,https://www.douyu.com/5645739
【理性男友】全麦单身,Hi一理性男友,27.1万,https://www.douyu.com/44880
希望我能够是你的开心果,晚风李茶茶,26.9万,https://www.douyu.com/10672232
dreadhunger狼人杀宝宝巴士开船,单车老师不迟到,48.9万,https://www.douyu.com/339610
PSI主播公开赛小姐姐来喽,软萌宁宝,48.9万,https://www.douyu.com/5717917
双人冲个第一！！,刺扫,48.7万,https://www.douyu.com/6867320
本房间由大爷独家冠名,嗨玩一厘米恋人,26.9万,https://www.douyu.com/6503753
战斗民族如何突击绑匪？人质都懵逼了,军武直播,26.9万,https://www.douyu.com/227670
【机长】解压爽游！直播中！,机长YG,48.5万,https://www.douyu.com/3015080
思路清晰，直冲第七,迈特怡,48.4万,https://www.douyu.com/8165636
豪桀：月末超影可安排,豪桀灬物语,48万,https://www.douyu.com/7208282
钻粉2.5倍亲密度啦,一川r,26.7万,https://www.douyu.com/10461999
南京170小姐姐,小小韵迪,26.6万,https://www.douyu.com/6842967
狗情 : 教你轻松升战力,狗情Qingiiiiii,47.9万,https://www.douyu.com/2364775
土豪金集团：有车位辅助专场,凹凸Brother,47.6万,https://www.douyu.com/10260203
高端号评估强化增幅龙袍，看号遴选细节提升,杨顶天真的顶,47.4万,https://www.douyu.com/10418957
距离你0.01km 10776237,漁百万,26.5万,https://www.douyu.com/10776237
新人主播求守护 10723629,柚丸子y,26.5万,https://www.douyu.com/10723629
国服第一爆破鬼才！,楼楼ovo,47.3万,https://www.douyu.com/7000677
【有车位】老表，上车玩游戏啦！,shark小辣椒,47.2万,https://www.douyu.com/9702203
旭旭宝宝爆笑斗地主-更新至4月22日,旭旭宝宝斗地主精选,47.1万,https://www.douyu.com/9804176
什么时候轮到我呢,o阿水水o,26.4万,https://www.douyu.com/9787712
1987：无名/软饭/大叔/飘摇宠冠,驿动一1987,26.3万,https://www.douyu.com/8946814
下午3点见~,野生小师妹,47.1万,https://www.douyu.com/314761
究极无敌上大分gogogo,阿祖AZu2tap,47.1万,https://www.douyu.com/1819564
2带3国服韩信可上号包赢,李庚希gl,47.1万,https://www.douyu.com/7470118
瑜你相遇 好幸运~,i洛瑜,26.3万,https://www.douyu.com/9341377
一群放牛的女主持 昕总/初遇哥/智勋哥冠,奇点一O泡果奶,26.2万,https://www.douyu.com/9019518
由豫朋合...,羽伞恐怖故事,46.8万,https://www.douyu.com/309162
"❤婉婉：清甜少女音,活泼温柔",蜜糖婉婉,46.7万,https://www.douyu.com/8487276
国一男枪在线带粉,叶溪NICE,46.5万,https://www.douyu.com/10345251
乌克兰家底这么厚！从苏联继承3千核弹,军榜Top,26.1万,https://www.douyu.com/1869594
点忍者娱乐上超影,天绝灬风雨,46.4万,https://www.douyu.com/780477
奥兹玛 深渊 各种不排队,沫祺吖,46.2万,https://www.douyu.com/9324734
【我和我的冤种队友们】,皮皮皮皮寒,46.2万,https://www.douyu.com/9156552
下午4点40分-5点斗歌台,鹿鸣薇薇,26万,https://www.douyu.com/10649709
谁会拒绝一个会跳舞的妹妹呢？,杨羊羊o,26万,https://www.douyu.com/9184805
峡谷之巅冲一千分,冰块哥ekko,45.8万,https://www.douyu.com/10544334
最新布局飞刀,八卦象棋大师,45.8万,https://www.douyu.com/851040
阿扎：相声四排,阿扎y,45.7万,https://www.douyu.com/145183
吸引你的是衣服还是人,淑女晴,25.7万,https://www.douyu.com/10755642
养成系甜妹主播,刘噗噗ovo,25.7万,https://www.douyu.com/9771139
只会赌8表表保姆！！！,福星哥呀,45.7万,https://www.douyu.com/6576806
国服李白带粉 有车位,电竞信白丶,45.7万,https://www.douyu.com/4499474
⚡主任：三分钟教你王者！,主任5748,45.4万,https://www.douyu.com/5748
杀人狂魔白宝山 刑侦大案纪实,乐视纪录,25.6万,https://www.douyu.com/10673171
四月加油哦！！,阿沐沐OvO,25.6万,https://www.douyu.com/6011317
一赛季打十万个单 上分直接进,胡峻恺hjk,45.4万,https://www.douyu.com/4838616
钻石皇帝，带妹双排,开稳Kevin,45.4万,https://www.douyu.com/1571223
景天:皮城第一刀妹,景天zxz,45.4万,https://www.douyu.com/9691350
本厅由饭哥霸气冠名！！颜值女神恋爱交友厅,莱菓一万丽公馆,25.5万,https://www.douyu.com/9771613
新厅开业/御姐集中营,Hi一危险女友,25.5万,https://www.douyu.com/37448
国服最强中单 10428456,微甜丶宇神,45.3万,https://www.douyu.com/10428456
砖石飞机上车3小时！！！,野王丶叶凡,45.3万,https://www.douyu.com/4027486
国服第一软辅上分教学,奶妈的安眠药,45.2万,https://www.douyu.com/3545866
斗鱼古力拉闸,星玥i,25.5万,https://www.douyu.com/8511294
1.5倍亲密-神M/FQ/ZS 带限时啦,兮兮就是木木一,45.1万,https://www.douyu.com/2200497
